Question,Answer
"What is the current route for truck #12345?","Truck #12345 is currently on Route A45, heading towards the Chicago distribution center. It is expected to arrive at the destination by 3:00 PM today."
"Can you suggest an alternative route to avoid the road closure on Highway 50?","The alternative route to avoid the closure on Highway 50 is to take Route B12, which will add approximately 15 minutes to the journey. Would you like to update the driver with this information?"
"What are the HOS (Hours of Service) regulations for long-haul drivers?","According to the FMCSA, long-haul drivers are limited to 11 hours of driving time within a 14-hour workday, following 10 consecutive hours off duty. Additionally, drivers must take a 30-minute break after 8 cumulative hours of driving."
"Do I need to complete any specific forms after a vehicle inspection?","Yes, after completing a vehicle inspection, you need to fill out the DVIR (Driver Vehicle Inspection Report) and submit it to the fleet manager within 24 hours."
"How do I submit a time-off request?","You can submit a time-off request through the company's HR portal. Go to the 'Time Off' section, select the dates you wish to take off, and provide a reason if necessary. Once submitted, your manager will review and approve the request."
"When is the next payroll date?","The next payroll date is September 5th, 2024. Ensure all your hours and expenses are submitted by August 31st to avoid delays."
"What should I do if there is an accident on the road?","In case of an accident, first ensure that everyone is safe and call emergency services if needed. Then, document the scene by taking photos, exchange information with the other parties involved, and report the accident to your supervisor immediately."
"How do I report a safety hazard I noticed at the depot?","You can report a safety hazard by filling out the safety report form available on the company's intranet or by contacting the safety officer directly. Provide details of the hazard and its location."
"When is the next scheduled maintenance for truck #56789?","The next scheduled maintenance for truck #56789 is on September 10th, 2024. The truck needs to be at the maintenance facility by 8:00 AM."
"How do I report an issue with the brakes on my truck?","You can report a mechanical issue through the fleet management app. Select 'Report Issue,' describe the problem with the brakes, and the maintenance team will be notified immediately."
"How do I reset my password for the logistics software?","To reset your password, go to the login page of the logistics software, click on 'Forgot Password,' and follow the instructions sent to your company email. If you encounter any issues, contact IT support."
"I'm unable to access the fleet management system; is it down?","There is currently no reported outage for the fleet management system. Please check your internet connection or try restarting your device. If the issue persists, contact the IT support team for further assistance."
"Where can I find the latest training materials for hazardous materials transportation?","The latest training materials for hazardous materials transportation are available in the 'Training' section of the company intranet. You can also sign up for an upcoming webinar on this topic scheduled for September 12th, 2024."
"How do I enroll in the defensive driving course?","To enroll in the defensive driving course, visit the 'Employee Training' portal and select the 'Defensive Driving' course. Click 'Enroll' and you'll receive a confirmation email with further details."
"What is the status of the delivery for order #789?","Order #789 is currently in transit and is expected to be delivered to the customer by 2:00 PM today. The driver is currently 30 miles away from the destination."
"How do I update the delivery schedule for a customer?","To update the delivery schedule, access the delivery management system, select the order you wish to modify, and adjust the delivery date and time. The customer will be notified automatically."
